EPIC,Campaign,Candidate,Rp/Rs,e_Rp/Rs,Radius,e_Radius,Period,e_Period,a,e_a,Flux,e_Flux,CDPP,b
201155177,1,201155177.01,3.124,0.342,2.216,0.281,6.6890400,0.0008822,0.06111,0.00154,54.049,5.849,280.101,0.201
201208431,1,201208431.01,3.829,0.356,2.468,0.247,10.0042080,0.0008822,0.07826,0.00092,17.878,0.899,177.774,0.300
201247497,1,201247497.01,10.213,2.643,8.749,2.479,2.7540120,0.0001286,0.05006,0.00905,63.627,116.584,1106.692,0.910
201338508,1,201338508.01,3.490,0.347,2.002,0.214,10.9348810,0.0010830,0.08064,0.00098,12.456,0.684,173.087,0.581
201357643,10,201357643.01,3.243,0.119,3.943,0.292,11.8911050,0.0003333,0.10515,0.00315,140.066,15.106,50.522,0.456
201384232,1,201384232.01,2.627,0.101,2.336,0.221,30.9433520,0.0037082,0.18702,0.00524,21.448,2.459,70.431,0.152
201390608,1,201390608.01,10.076,0.380,8.321,0.594,4.9067760,0.0000922,0.05222,0.00148,148.174,12.907,527.128,0.845
201390927,10,201390927.01,4.067,0.742,3.566,0.699,2.6378290,0.0002285,0.03273,0.00083,194.341,16.458,228.359,0.683
201403446,1,201403446.01,1.797,0.140,2.471,0.251,19.1532820,0.0028084,0.15022,0.00392,115.170,11.570,60.661,0.226
201445392,1,201445392.01,3.126,0.371,2.347,0.308,5.0646300,0.0004004,0.05134,0.00149,91.851,9.704,85.575,0.717
201445392,1,201445392.02,3.791,0.408,2.799,0.342,10.3534780,0.0007080,0.08286,0.00247,34.441,3.902,85.575,0.535
201445732,1,201445732.01,1.629,0.153,1.828,0.229,5.6020310,0.0002982,0.06264,0.00158,330.651,35.466,25.555,0.946
201456770,10,201456770.01,2.763,0.326,2.321,0.299,8.0068750,0.0013782,0.07403,0.00211,98.416,9.982,195.993,0.609
201472593,1,201472593.01,1.863,0.145,2.327,0.238,15.9337090,0.0063197,0.13282,0.00362,142.025,13.277,94.932,0.167
201505350,1,201505350.01,4.797,0.172,4.019,0.296,11.9074440,0.0001939,0.09577,0.00227,53.629,5.487,272.645,0.085
201546283,1,201546283.01,5.829,0.724,4.973,0.741,6.7713540,0.0001014,0.06551,0.00174,118.352,10.746,76.658,0.843
201549860,1,201549860.01,3.100,0.347,2.226,0.289,5.6087200,0.0002592,0.05507,0.01013,54.791,37.314,100.584,0.664
201595106,10,201595106.01,1.445,0.068,1.397,0.111,0.8772670,0.0000481,0.01782,0.00050,2868.051,271.116,66.220,0.759
201613023,1,201613023.01,2.090,0.076,2.272,0.182,8.2824690,0.0006755,0.08010,0.00201,174.107,16.893,75.613,0.191
201635569,1,201635569.01,12.257,0.580,7.676,0.425,8.3680860,0.0001335,0.06876,0.00076,19.383,1.104,166.310,0.790
201639576,14,201639576.01,3.102,0.323,2.364,0.286,7.6555330,0.0005715,0.06942,0.00206,77.060,9.441,257.414,0.203
201647718,1,201647718.01,2.702,0.308,2.161,0.308,31.6511910,0.0054383,0.17905,0.00455,10.905,0.889,71.103,0.276
201696891,14,201696891.01,2.704,0.315,2.009,0.262,11.7491330,0.0019786,0.08887,0.00236,26.905,2.795,188.564,0.330
201736247,1,201736247.01,3.757,0.396,2.853,0.330,11.8098550,0.0008958,0.09237,0.00264,40.640,3.874,160.989,0.605
201793642,1,201793642.01,4.830,0.414,2.183,0.200,15.3849700,0.0019874,0.09358,0.00105,3.929,0.246,258.976,0.668
201828749,1,201828749.01,2.622,0.217,2.703,0.299,33.5123560,0.0030972,0.20227,0.00553,23.350,2.245,33.106,0.653
201920032,1,201920032.01,2.904,0.269,2.796,0.366,28.2653490,0.0023541,0.17856,0.00445,26.854,2.700,59.385,0.686
201925324,1,201925324.01,3.491,0.364,2.425,0.325,15.4770270,0.0021849,0.10389,0.01768,13.069,18.883,184.254,0.276
201927336,1,201927336.01,2.747,0.129,2.397,0.219,6.4500840,0.0002766,0.06470,0.00159,148.093,14.890,75.526,0.858
203826436,2,203826436.01,3.113,0.305,2.643,0.330,6.4294800,0.0001322,0.06135,0.00173,89.115,8.669,65.793,0.252
203826436,2,203826436.02,2.891,0.318,2.494,0.317,14.0921060,0.0008323,0.10410,0.00262,31.479,3.103,65.793,0.656
204308061,2,204308061.01,1.555,0.150,1.290,0.155,22.6435560,0.0025370,0.15111,0.00385,29.093,2.732,38.172,0.596
204322265,2,204322265.01,8.759,0.983,3.283,0.386,2.7844660,0.0000491,0.02769,0.00026,21.698,0.775,320.650,0.937
204748201,2,204748201.01,11.873,1.148,14.225,1.805,3.6821570,0.0000312,0.04667,0.00122,493.992,55.341,171.293,0.027
204750116,2,204750116.01,2.755,0.222,2.991,0.332,23.4481720,0.0008443,0.15508,0.00393,30.522,2.629,56.409,0.328
204890128,2,204890128.01,3.175,0.349,2.726,0.318,12.2076320,0.0006687,0.09300,0.00200,31.322,3.247,83.412,0.272
205022144,15,205022144.01,12.797,1.329,10.143,1.334,6.1143290,0.0000725,0.05776,0.00149,70.247,7.309,667.224,0.630
205071984,2,205071984.01,6.273,0.639,5.338,0.699,8.9912120,0.0003743,0.07728,0.00203,58.960,5.149,40.384,0.528
205071984,2,205071984.02,3.754,0.354,3.216,0.359,31.7181930,0.0012268,0.18070,0.00504,10.837,1.065,40.384,0.222
205632508,2,205632508.01,2.988,0.331,1.983,0.232,19.2221290,0.0032703,0.12135,0.00134,7.824,0.384,171.299,0.693
205652650,2,205652650.01,4.521,0.269,2.306,0.154,5.0711940,0.0002377,0.04632,0.00052,19.516,0.782,228.227,0.830
205916793,3,205916793.01,2.762,0.369,1.695,0.232,9.7854180,0.0011358,0.07639,0.00085,15.843,1.122,118.046,0.476
205924614,3,205924614.01,7.458,1.175,5.189,0.854,2.8492540,0.0000276,0.03481,0.00661,122.464,124.766,73.383,0.884
205943325,3,205943325.01,1.558,0.152,2.570,0.302,27.2701910,0.0029856,0.19582,0.00535,99.300,9.814,29.687,0.375
205944181,3,205944181.01,4.520,0.812,3.776,0.724,2.4755830,0.0000637,0.03373,0.00080,442.549,40.605,61.177,0.984
205950854,3,205950854.01,2.241,0.208,1.995,0.242,15.8538630,0.0015900,0.11878,0.00290,47.859,5.055,67.221,0.470
205957328,3,205957328.01,2.409,0.246,1.895,0.258,14.3523670,0.0012501,0.10718,0.00299,35.957,3.634,68.759,0.519
205976958,3,205976958.01,3.575,0.189,1.889,0.114,2.3183420,0.0002100,0.02781,0.00029,66.767,3.290,343.240,0.244
205999468,3,205999468.01,3.145,0.394,2.388,0.377,12.2634340,0.0009135,0.09482,0.00216,37.737,3.604,32.970,0.903
206007892,3,206007892.01,1.235,0.126,1.132,0.132,6.3806120,0.0007274,0.06487,0.00182,159.661,14.405,29.845,0.315
206008091,3,206008091.01,1.572,0.162,1.708,0.217,12.3984840,0.0023164,0.10591,0.00260,105.226,10.199,27.029,0.513
206011496,3,206011496.01,1.695,0.170,1.634,0.180,2.3691150,0.0001172,0.03380,0.00090,583.101,53.184,31.662,0.342
206024342,3,206024342.01,1.741,0.191,1.456,0.175,4.5077960,0.0007469,0.05141,0.00130,255.913,25.616,79.365,0.712
206024342,3,206024342.02,2.765,0.244,2.351,0.267,14.6394350,0.0013238,0.11268,0.00289,52.834,4.558,79.365,0.441
206026904,3,206026904.01,1.779,0.183,1.432,0.168,2.5369360,0.0000664,0.03347,0.00104,338.934,32.617,46.384,0.223
206026904,3,206026904.02,3.191,0.325,2.510,0.283,7.0521950,0.0002640,0.06607,0.00183,84.869,7.714,46.384,0.695
206027655,3,206027655.01,3.363,0.325,2.267,0.285,11.2960650,0.0009782,0.08748,0.00223,30.929,3.202,127.064,0.803
206027655,3,206027655.02,3.379,0.399,2.247,0.329,20.6966200,0.0040352,0.13015,0.00321,13.662,1.396,127.064,0.677
206028176,3,206028176.01,1.866,0.257,2.593,0.387,9.3822610,0.0008373,0.09316,0.00250,303.614,29.861,72.713,0.341
206044803,3,206044803.01,1.763,0.148,1.772,0.201,2.5732820,0.0001610,0.03630,0.00097,703.458,72.070,42.027,0.289
206049452,3,206049452.01,3.034,0.352,2.009,0.231,14.4554630,0.0019121,0.10026,0.00098,12.262,0.716,58.371,0.732
206055981,3,206055981.01,3.724,0.425,2.301,0.320,20.6450990,0.0010757,0.13215,0.01891,7.503,2.676,113.104,0.830
206082454,3,206082454.01,1.774,0.205,1.506,0.203,14.3166870,0.0015469,0.10975,0.00280,49.121,5.497,41.156,0.338
206101302,3,206101302.01,2.076,0.232,2.658,0.346,20.2690120,0.0040986,0.15071,0.00408,75.349,7.349,40.113,0.628
206101302,3,206101302.02,3.124,0.349,4.031,0.578,25.4531880,0.0031902,0.17620,0.00516,54.981,6.345,40.113,0.780
206114630,3,206114630.01,4.427,0.817,4.039,0.889,7.4452200,0.0002337,0.07028,0.00184,99.279,9.697,82.034,0.986
206135682,3,206135682.01,1.991,0.213,1.297,0.177,5.0255980,0.0003811,0.04997,0.00132,75.982,8.298,64.411,0.272
206135682,3,206135682.02,2.069,0.205,1.331,0.151,9.6601860,0.0011709,0.07753,0.00212,31.991,3.168,64.411,0.306
206135682,3,206135682.03,2.890,0.251,1.841,0.217,20.2010850,0.0024422,0.12576,0.00300,11.860,1.072,64.411,0.287
206146957,3,206146957.01,1.490,0.147,1.307,0.165,5.7616120,0.0008222,0.06118,0.00169,207.692,19.925,41.368,0.727
206151047,3,206151047.01,1.740,0.163,1.841,0.219,0.7167700,0.0000458,0.01593,0.00041,5023.704,433.786,50.035,0.904
206159027,3,206159027.01,2.441,0.265,1.653,0.198,8.0541150,0.0005090,0.06936,0.00170,45.890,4.405,71.681,0.235
206162305,3,206162305.01,4.857,0.297,2.442,0.174,7.0653610,0.0004452,0.05802,0.00064,13.640,0.841,227.236,0.738
206226146,3,206226146.01,2.599,0.276,2.140,0.260,11.6366070,0.0017071,0.09383,0.00260,53.681,4.600,98.462,0.776
206245553,3,206245553.01,2.538,0.260,2.647,0.316,7.4961980,0.0003643,0.07553,0.00209,201.571,19.652,32.925,0.565
206268299,3,206268299.01,2.643,0.240,2.760,0.325,19.5659510,0.0011685,0.14267,0.00429,56.587,5.457,36.764,0.391
206317286,3,206317286.01,2.766,0.280,2.089,0.253,17.5154720,0.0027559,0.11840,0.00307,20.056,1.868,109.633,0.268
206344313,3,206344313.01,5.356,0.315,3.133,0.208,5.2312850,0.0005567,0.04958,0.00060,31.393,2.139,347.693,0.568
206468053,3,206468053.01,8.195,0.952,5.432,0.647,27.8371460,0.0057852,0.15582,0.00191,5.062,0.394,677.380,0.170
206473982,3,206473982.01,1.849,0.152,1.818,0.203,20.0770480,0.0044377,0.14361,0.00403,49.897,4.696,53.973,0.400
210363145,4,210363145.01,3.069,0.321,2.372,0.265,8.2000910,0.0005827,0.07161,0.00198,55.982,5.852,105.359,0.394
210394706,4,210394706.01,3.047,0.181,1.838,0.130,15.0842340,0.0021422,0.10046,0.00110,8.317,0.399,118.957,0.666
210403955,4,210403955.01,1.728,0.160,1.526,0.173,5.6057380,0.0004001,0.05701,0.00173,124.353,14.242,70.697,0.214
210403955,4,210403955.02,2.331,0.245,2.029,0.270,19.0946560,0.0041819,0.12980,0.00335,23.305,1.932,70.697,0.193
210423938,4,210423938.01,2.565,0.274,1.786,0.228,19.8622640,0.0032401,0.12358,0.00332,11.521,0.979,91.396,0.457
210448987,4,210448987.01,3.035,0.334,2.324,0.285,6.1023260,0.0003598,0.05674,0.00143,57.118,4.490,101.216,0.375
210495066,4,210495066.01,2.723,0.149,1.297,0.077,3.7422250,0.0002757,0.03716,0.00039,27.600,1.386,221.554,0.175
210508766,4,210508766.01,3.008,0.154,1.656,0.102,2.7472620,0.0001725,0.03167,0.00034,61.841,2.741,136.539,0.316
210508766,4,210508766.02,3.668,0.145,1.995,0.089,9.9964340,0.0004942,0.07503,0.00092,11.072,0.562,136.539,0.287
210550063,4,210550063.01,2.284,0.098,2.862,0.243,2.1660470,0.0002429,0.03320,0.00077,1158.242,118.847,248.069,0.794
210577548,4,210577548.01,2.807,0.276,2.540,0.292,6.4220920,0.0004070,0.06236,0.00174,101.443,11.878,55.148,0.279
210577548,4,210577548.02,2.428,0.240,2.207,0.264,27.8513450,0.0036194,0.16631,0.00464,14.342,1.417,55.148,0.262
210678858,4,210678858.01,3.134,0.106,2.509,0.193,14.8489830,0.0012708,0.10837,0.00268,28.906,3.020,95.463,0.190
210696763,4,210696763.01,3.629,0.223,1.184,0.082,3.6500670,0.0002995,0.03121,0.00033,11.816,0.433,278.498,0.180
210696763,4,210696763.02,4.052,0.262,1.324,0.096,5.7685290,0.0002920,0.04236,0.00043,6.329,0.244,278.498,0.140
210750726,4,210750726.01,5.124,0.250,2.270,0.132,4.6123880,0.0000912,0.04123,0.00043,16.634,0.627,111.294,0.808
210783290,4,210783290.01,2.893,0.211,1.447,0.106,24.1433710,0.0042154,0.13116,0.00146,2.653,0.131,110.289,0.665
210797580,13,210797580.01,3.301,0.405,3.077,0.408,2.1408400,0.0000359,0.03109,0.00086,691.148,65.360,75.992,0.941
210822575,4,210822575.01,1.462,0.136,1.203,0.127,8.9361800,0.0045646,0.07715,0.00229,62.406,6.503,60.582,0.278
210852232,4,210852232.01,1.531,0.068,1.445,0.106,1.9342950,0.0001407,0.02831,0.00077,565.328,57.349,54.009,0.496
210945680,4,210945680.01,2.052,0.085,2.243,0.184,20.6006560,0.0048285,0.14740,0.00412,53.772,5.619,31.721,0.690
210957318,4,210957318.01,15.264,1.328,15.852,1.907,4.0984420,0.0000106,0.04703,0.00121,225.856,20.075,60.478,0.820
210965800,4,210965800.01,3.941,0.296,3.831,0.360,8.7480500,0.0007163,0.07860,0.00228,90.390,8.367,267.926,0.322
211048999,4,211048999.01,3.134,0.149,2.341,0.208,5.1723900,0.0002049,0.05245,0.00146,92.493,8.309,77.446,0.654
211321953,18,211321953.01,2.991,0.326,3.027,0.411,22.1943460,0.0066599,0.15288,0.00465,40.590,3.889,149.911,0.568
211331236,18,211331236.01,3.683,0.162,1.839,0.108,1.2915680,0.0000317,0.01867,0.00022,132.421,6.159,180.739,0.232
211331236,18,211331236.02,3.875,0.204,1.943,0.122,5.4463990,0.0008837,0.04872,0.00054,19.273,0.955,180.739,0.241
211355342,5,211355342.01,2.849,0.235,2.949,0.338,6.8948320,0.0003584,0.07021,0.00207,188.356,18.083,62.304,0.769
211383821,5,211383821.01,2.014,0.210,1.268,0.139,1.5670250,0.0001133,0.02573,0.00287,191.513,50.507,124.564,0.258
211383821,18,211383821.01,2.036,0.200,1.300,0.150,1.5672790,0.0001942,0.02510,0.00364,203.613,98.845,142.396,0.225
211391664,5,211391664.01,3.309,0.117,4.963,0.374,10.1351860,0.0004428,0.09935,0.00227,304.455,26.749,41.647,0.457
211393988,18,211393988.01,8.350,0.939,15.218,2.161,4.8719020,0.0001248,0.06331,0.00185,1263.797,156.936,139.977,0.727
211399359,18,211399359.01,17.446,1.626,12.853,1.466,3.1148620,0.0000210,0.03782,0.00104,201.176,16.916,238.418,0.648
211399359,5,211399359.01,17.432,1.831,12.949,1.642,3.1149050,0.0000092,0.03758,0.00100,205.197,18.621,223.740,0.666
211401787,5,211401787.01,1.944,0.149,2.702,0.271,13.7735250,0.0011540,0.12170,0.00308,186.959,21.549,22.657,0.581
211408558,18,211408558.01,1.936,0.090,1.989,0.179,9.9676890,0.0060060,0.09083,0.00271,133.329,13.293,90.370,0.079
211413752,5,211413752.01,1.783,0.101,1.338,0.130,2.1513130,0.0002074,0.02955,0.00073,368.649,42.002,111.487,0.164
211413752,5,211413752.02,1.936,0.089,1.478,0.137,4.5288080,0.0005406,0.04848,0.00154,140.600,16.181,111.487,0.135
211413752,5,211413752.03,3.183,0.146,2.436,0.192,9.3268300,0.0004223,0.07864,0.00250,51.784,5.436,111.487,0.118
211413752,18,211413752.03,3.162,0.152,2.393,0.230,9.3279040,0.0020302,0.07909,0.00206,53.280,5.079,147.149,0.252
211413752,16,211413752.03,3.295,0.128,2.486,0.233,9.3300880,0.0014426,0.07872,0.00199,52.682,5.254,148.260,0.092
211418729,5,211418729.01,13.330,1.471,10.368,1.383,11.3909790,0.0001108,0.09018,0.00266,41.255,4.729,130.503,0.606
211418729,18,211418729.01,12.857,1.373,10.147,1.392,11.3910020,0.0004945,0.09048,0.00263,41.337,4.422,208.091,0.580
211432922,5,211432922.01,6.967,1.255,4.115,0.763,5.8188740,0.0010149,0.05283,0.00108,27.107,4.869,1163.776,0.503
211436313,16,211436313.01,3.121,0.329,2.199,0.260,4.3328370,0.0003216,0.04577,0.00129,114.288,9.143,141.067,0.312
211438731,16,211438731.01,7.418,0.464,2.755,0.179,20.4864550,0.0011310,0.10395,0.00100,1.477,0.049,424.376,0.722
211451776,16,211451776.01,3.523,0.201,2.131,0.194,12.1768200,0.0014857,0.09666,0.02052,15.832,20.046,150.027,0.232
211469889,5,211469889.01,2.704,0.289,1.867,0.231,7.0769400,0.0007550,0.06440,0.00169,63.244,6.453,225.534,0.223
211490999,16,211490999.01,3.396,0.161,3.091,0.290,9.8430930,0.0014423,0.08642,0.00198,91.861,7.991,173.393,0.597
211490999,5,211490999.01,3.200,0.096,2.886,0.260,9.8440770,0.0006368,0.08660,0.00230,91.423,8.150,60.342,0.337
211490999,18,211490999.01,3.367,0.114,3.019,0.233,9.8471220,0.0006922,0.08683,0.00222,88.018,8.382,50.182,0.354
211502222,16,211502222.01,1.700,0.143,1.713,0.196,9.3988120,0.0011609,0.08661,0.00251,138.303,13.790,43.416,0.367
211502222,16,211502222.02,2.585,0.229,2.653,0.304,22.9934330,0.0023083,0.15819,0.00414,42.187,3.600,43.416,0.555
211506851,18,211506851.01,3.421,0.358,3.097,0.362,10.5421790,0.0006747,0.09059,0.00218,79.087,6.700,59.660,0.526
211510580,18,211510580.01,3.915,0.260,1.380,0.098,5.3150030,0.0010173,0.04158,0.00043,8.498,0.400,233.841,0.261
211510580,5,211510580.01,3.663,0.182,1.280,0.074,5.3150380,0.0002833,0.04163,0.00046,8.514,0.403,166.356,0.165
211525389,18,211525389.01,3.628,0.093,3.212,0.235,8.2679810,0.0003251,0.07632,0.00232,103.934,10.335,55.891,0.271
211525753,18,211525753.01,2.321,0.316,2.022,0.333,5.7416680,0.0020978,0.06059,0.00154,191.885,18.953,124.974,0.357
211529065,5,211529065.01,1.602,0.166,1.216,0.162,1.5434470,0.0001882,0.02338,0.00066,487.393,50.435,89.685,0.243
211529065,18,211529065.02,4.345,0.559,3.208,0.465,4.3997430,0.0003473,0.04707,0.00135,119.391,11.009,105.972,0.703
211529065,5,211529065.02,4.672,0.678,3.459,0.595,4.3997610,0.0001210,0.04705,0.00130,119.220,11.731,89.685,0.862
211529065,16,211529065.02,4.245,0.491,3.190,0.415,4.3997670,0.0001593,0.04689,0.00124,121.727,10.719,251.636,0.741
211533633,16,211533633.01,2.693,0.141,1.535,0.099,2.1266070,0.0001446,0.02701,0.00028,102.064,4.357,143.940,0.232
211535327,18,211535327.01,3.121,0.315,2.492,0.277,20.2371570,0.0036219,0.13697,0.00366,27.719,2.399,129.776,0.259
211537087,18,211537087.01,2.900,0.303,2.377,0.304,21.0245250,0.0042569,0.14208,0.00368,28.336,2.461,51.727,0.583
211539054,5,211539054.01,1.384,0.139,2.064,0.257,11.0206600,0.0015428,0.10368,0.00319,243.037,23.212,27.204,0.666
211552050,16,211552050.01,2.718,0.298,1.945,0.226,3.5447330,0.0001201,0.03986,0.00101,130.135,12.619,99.702,0.598
211579683,5,211579683.01,2.722,0.281,2.067,0.268,9.0118710,0.0009403,0.07584,0.00198,48.905,5.368,164.104,0.218
211611158,16,211611158.01,2.163,0.185,1.925,0.194,26.3541470,0.0037717,0.16883,0.00450,28.253,2.548,91.440,0.348
211619805,16,211619805.01,4.649,0.807,3.228,0.565,8.6499280,0.0002480,0.07496,0.01491,25.190,65.481,67.650,0.962
211631538,16,211631538.01,6.670,1.151,4.973,0.974,5.5130450,0.0001739,0.05485,0.00140,90.058,10.583,184.832,0.948
211647930,16,211647930.01,5.103,0.139,6.158,0.491,14.7587870,0.0010475,0.12140,0.00327,101.550,8.394,62.495,0.523
211673349,16,211673349.01,5.329,0.595,3.691,0.477,4.8941730,0.0000810,0.05557,0.00955,48.875,45.963,109.382,0.257
211679060,18,211679060.01,2.583,0.271,2.634,0.341,12.6017810,0.0041085,0.10536,0.00280,96.081,9.845,64.229,0.731
211690072,16,211690072.01,1.859,0.187,2.489,0.305,19.5849890,0.0044856,0.14931,0.00421,91.568,8.889,58.570,0.507
211711685,18,211711685.01,1.463,0.069,1.332,0.101,15.4604470,0.0050576,0.11770,0.00327,52.343,4.968,34.935,0.212
211711685,5,211711685.01,1.373,0.074,1.247,0.110,15.4628070,0.0030283,0.11693,0.00329,52.893,5.176,23.576,0.473
211713099,18,211713099.01,7.541,0.664,6.873,0.747,8.5617820,0.0002013,0.07985,0.00247,121.896,12.500,87.475,0.598
211713099,5,211713099.01,7.668,0.784,7.060,0.851,8.5621160,0.0003529,0.07989,0.00225,121.027,12.332,90.350,0.664
211728689,5,211728689.01,10.385,0.863,8.646,0.993,8.9526230,0.0001160,0.07879,0.00206,73.402,6.617,189.562,0.851
211730024,16,211730024.01,4.239,0.152,6.113,0.504,5.1139250,0.0000656,0.06300,0.00166,763.194,79.403,32.167,0.889
211730267,18,211730267.01,3.649,0.327,3.427,0.394,16.3483920,0.0014982,0.12379,0.00326,53.043,4.877,62.124,0.458
211731298,5,211731298.01,2.077,0.089,1.632,0.128,1.9903180,0.0001104,0.02836,0.00073,481.428,43.925,169.961,0.223
211731298,18,211731298.01,1.932,0.074,1.520,0.125,1.9908540,0.0001737,0.02857,0.00071,471.778,44.086,108.938,0.121
211732116,16,211732116.01,1.758,0.067,1.646,0.136,4.5219530,0.0003854,0.05254,0.00126,319.481,29.648,89.246,0.235
211732116,16,211732116.02,2.433,0.095,2.245,0.176,16.4344500,0.0024560,0.12415,0.00317,56.889,5.137,89.246,0.649
211741619,16,211741619.01,4.306,0.193,2.575,0.138,2.7876380,0.0000707,0.03266,0.00035,72.211,2.885,150.073,0.869
211754117,16,211754117.01,2.450,0.269,1.640,0.218,13.7988450,0.0025823,0.09968,0.00299,26.188,2.848,91.744,0.351
211754962,5,211754962.01,2.091,0.118,1.385,0.089,3.4111330,0.0003385,0.03844,0.00046,76.432,4.146,140.253,0.527
211763214,16,211763214.01,1.484,0.077,1.141,0.108,21.1908130,0.0042307,0.13999,0.00412,23.533,2.551,41.526,0.139
211763214,5,211763214.01,1.510,0.064,1.177,0.112,21.1975670,0.0036829,0.13926,0.00357,23.408,2.327,26.975,0.183
211765695,16,211765695.01,3.859,0.416,2.507,0.269,7.5587000,0.0005921,0.06494,0.00074,24.474,1.372,128.531,0.459
211765695,16,211765695.02,4.199,0.504,2.743,0.336,25.4314300,0.0029928,0.14581,0.00159,4.810,0.221,128.531,0.773
211770696,5,211770696.01,1.921,0.180,2.517,0.284,16.2707800,0.0015589,0.13113,0.00373,109.515,10.444,51.871,0.166
211770795,18,211770795.01,3.509,0.443,2.472,0.304,7.7264610,0.0014723,0.06604,0.00173,40.153,3.274,129.919,0.581
211770795,5,211770795.01,3.297,0.390,2.226,0.326,7.7282450,0.0008064,0.06625,0.00188,40.543,4.091,130.635,0.287
211779390,5,211779390.01,1.723,0.208,1.076,0.148,3.8509220,0.0003831,0.04212,0.00672,85.918,57.691,76.758,0.369
211791178,5,211791178.01,3.227,0.373,2.591,0.363,9.5622400,0.0009906,0.07771,0.00213,37.768,3.772,106.919,0.340
211796070,5,211796070.01,1.568,0.188,1.127,0.153,1.8898550,0.0002492,0.02590,0.00072,273.281,26.535,150.504,0.428
211797637,18,211797637.01,1.692,0.202,1.115,0.144,1.6410160,0.0002247,0.02509,0.00454,238.552,668.708,75.244,0.374
211800191,5,211800191.01,4.564,0.207,5.032,0.390,1.1061780,0.0000126,0.02128,0.00058,2972.600,316.378,118.391,0.957
211816003,5,211816003.01,3.412,0.317,2.709,0.337,14.4508090,0.0014844,0.10870,0.00300,40.885,3.987,72.870,0.304
211816003,16,211816003.01,3.587,0.341,2.780,0.295,14.4527660,0.0005436,0.10919,0.00300,40.471,3.412,61.688,0.381
211816003,18,211816003.01,3.656,0.352,2.844,0.365,14.4550070,0.0015445,0.10940,0.00273,41.380,3.651,66.659,0.297
211822797,16,211822797.01,3.029,0.190,1.780,0.116,21.1716610,0.0031831,0.12563,0.00142,4.581,0.205,110.241,0.287
211830266,18,211830266.01,24.929,2.387,30.709,3.767,7.7409140,0.0000258,0.08157,0.00251,334.037,43.624,150.403,0.426
211839546,16,211839546.01,1.533,0.071,2.131,0.202,23.5323570,0.0022585,0.17235,0.00518,89.341,9.564,41.380,0.521
211859295,16,211859295.01,3.544,0.313,2.481,0.313,11.0922600,0.0007870,0.08488,0.00214,25.744,2.302,106.072,0.391
211892082,16,211892082.01,3.737,0.187,2.215,0.127,10.9036400,0.0007518,0.08103,0.00089,12.150,0.544,252.644,0.591
211897272,5,211897272.01,3.034,0.511,2.781,0.513,11.2356760,0.0009712,0.09319,0.00256,68.077,7.229,61.814,0.958
211897691,16,211897691.01,3.605,0.431,2.420,0.334,5.7511590,0.0002332,0.05520,0.00144,68.506,6.740,314.234,0.832
211913977,16,211913977.01,2.652,0.115,1.919,0.174,14.6776890,0.0011823,0.10378,0.00275,23.214,2.184,93.876,0.501
211914998,18,211914998.01,2.759,0.275,2.445,0.291,11.2478500,0.0020533,0.09454,0.00272,71.636,8.345,112.347,0.238
211916756,18,211916756.01,8.172,0.425,3.327,0.199,10.1351580,0.0006353,0.06803,0.00080,4.756,0.216,411.577,0.130
211919004,5,211919004.01,3.385,0.371,2.812,0.369,11.7186070,0.0007255,0.09327,0.00263,46.051,4.670,75.712,0.189
211919004,18,211919004.01,3.511,0.368,2.797,0.364,11.7187970,0.0012271,0.09339,0.00283,46.134,4.623,52.220,0.187
211919004,16,211919004.01,3.490,0.338,2.788,0.337,11.7222650,0.0010959,0.09284,0.00245,46.205,4.038,89.805,0.163
211922849,5,211922849.01,2.769,0.137,1.398,0.076,9.4432740,0.0021869,0.06971,0.00080,8.661,0.330,204.550,0.104
211923431,5,211923431.01,2.776,0.334,2.987,0.430,29.7346760,0.0044738,0.18549,0.00501,25.581,2.654,85.130,0.362
211929937,18,211929937.01,16.054,1.463,12.921,1.562,3.4766550,0.0000166,0.04195,0.00109,253.773,24.555,90.804,0.706
211942755,5,211942755.01,3.137,0.322,2.144,0.267,19.7290710,0.0041865,0.12674,0.00310,15.537,1.574,115.112,0.727
211964830,16,211964830.01,4.525,0.247,2.095,0.124,5.8396360,0.0004829,0.04891,0.00053,12.061,0.639,265.475,0.483
211964830,16,211964830.02,5.254,0.296,2.442,0.160,19.6622850,0.0018670,0.10982,0.00127,2.427,0.124,265.475,0.253
211965883,5,211965883.01,4.442,0.618,2.853,0.409,10.5551700,0.0006868,0.08086,0.00095,16.469,0.917,232.344,0.863
211969807,16,211969807.01,3.570,0.189,1.799,0.122,1.9741230,0.0000603,0.02436,0.00028,64.454,2.731,402.234,0.325
211969807,18,211969807.01,3.724,0.235,1.879,0.139,1.9741980,0.0000874,0.02441,0.00029,64.356,3.049,285.244,0.323
211969807,5,211969807.01,3.513,0.182,1.766,0.106,1.9743020,0.0001850,0.02446,0.00026,64.904,2.902,207.675,0.216
211990866,18,211990866.01,3.217,0.088,3.700,0.268,1.6738470,0.0000375,0.02846,0.00077,2052.822,198.813,159.833,0.746
212006344,18,212006344.01,2.025,0.112,1.217,0.082,2.2189610,0.0001464,0.02812,0.00031,103.139,4.825,55.158,0.682
212006344,5,212006344.01,2.074,0.097,1.238,0.065,2.2193940,0.0000616,0.02816,0.00034,103.535,4.541,45.993,0.713
212008766,5,212008766.01,2.975,0.120,2.121,0.199,14.1321240,0.0009029,0.10297,0.00268,28.754,2.866,37.103,0.135
212008766,18,212008766.01,2.923,0.120,2.119,0.182,14.1346890,0.0034511,0.10366,0.00308,28.290,2.898,39.015,0.117
212012119,18,212012119.01,2.907,0.331,1.999,0.269,3.2807530,0.0002143,0.03831,0.00112,163.189,14.235,190.567,0.279
212012119,5,212012119.01,2.917,0.309,2.029,0.255,3.2808290,0.0000766,0.03832,0.00109,164.466,17.535,50.563,0.276
212012119,5,212012119.02,3.277,0.363,2.274,0.281,8.4387100,0.0001285,0.07212,0.00177,46.790,4.348,50.563,0.555
212012119,18,212012119.02,3.163,0.307,2.200,0.279,8.4397090,0.0008199,0.07192,0.00194,47.163,3.938,190.567,0.521
212035441,18,212035441.01,2.871,0.211,1.144,0.091,2.7147430,0.0002787,0.02764,0.00031,23.856,1.046,215.769,0.114
212036875,16,212036875.01,6.766,0.172,9.876,0.784,5.1699120,0.0000515,0.06289,0.00164,754.793,74.422,93.070,0.934
212048046,16,212048046.01,4.815,0.647,3.248,0.504,9.3752660,0.0005957,0.07619,0.00235,35.787,3.926,391.240,0.411
212069861,5,212069861.01,4.671,0.231,2.766,0.163,30.9541440,0.0016658,0.16212,0.00199,2.998,0.125,216.526,0.496
212069861,16,212069861.01,4.419,0.255,2.597,0.161,30.9597860,0.0021737,0.16273,0.00201,2.983,0.143,151.353,0.583
212072539,5,212072539.01,3.320,0.194,1.582,0.111,2.7871550,0.0001580,0.03042,0.00035,39.716,1.969,259.735,0.168
212072539,16,212072539.01,3.690,0.251,1.755,0.127,2.7871750,0.0001638,0.03047,0.00038,39.731,1.924,274.607,0.496
212072539,5,212072539.02,4.202,0.227,1.998,0.110,7.6771770,0.0003954,0.05985,0.00068,10.447,0.542,259.735,0.343
212072539,16,212072539.02,4.711,0.229,2.240,0.120,7.6775380,0.0003805,0.06001,0.00067,10.239,0.467,274.607,0.245
212085740,18,212085740.01,7.931,0.337,9.190,0.732,2.4228300,0.0000952,0.03565,0.00095,981.249,100.068,620.486,0.690
212110888,18,212110888.01,9.871,0.274,13.473,1.097,2.9956250,0.0000095,0.04336,0.00119,1242.873,128.593,27.625,0.867
212110888,16,212110888.01,9.954,0.306,13.741,1.186,2.9956280,0.0000107,0.04337,0.00120,1267.714,107.031,147.217,0.872
212110888,5,212110888.01,9.982,0.295,13.968,0.904,2.9956350,0.0000075,0.04322,0.00115,1256.236,114.568,39.006,0.870
212130773,5,212130773.01,3.793,0.419,3.254,0.443,18.7132770,0.0022782,0.12587,0.00355,21.657,2.129,103.942,0.157
212136123,5,212136123.01,2.762,0.283,2.065,0.234,2.2261940,0.0002112,0.03030,0.00078,333.929,36.241,445.275,0.281
212154564,16,212154564.01,7.620,0.394,3.089,0.174,6.4142040,0.0001037,0.04962,0.00057,8.187,0.313,349.821,0.592
212154564,5,212154564.01,7.402,0.311,2.978,0.153,6.4143020,0.0005157,0.04965,0.00057,8.213,0.335,259.458,0.531
212154564,18,212154564.01,7.095,0.357,2.872,0.169,6.4148700,0.0003189,0.04956,0.00050,8.217,0.323,333.450,0.527
212157262,5,212157262.01,1.970,0.177,1.698,0.186,2.8718000,0.0001392,0.03756,0.00105,421.407,38.636,129.820,0.309
212157262,5,212157262.02,3.531,0.379,3.087,0.455,7.1505340,0.0003500,0.06932,0.00184,122.857,12.572,129.820,0.545
212157262,5,212157262.03,2.464,0.259,2.245,0.262,13.6056490,0.0010101,0.10668,0.00293,52.051,5.000,129.820,0.321
212161956,18,212161956.01,3.863,0.466,2.249,0.330,7.1895370,0.0018845,0.06353,0.01086,29.298,45.015,180.289,0.300
212164470,5,212164470.01,1.185,0.062,1.387,0.103,1.7431130,0.0001793,0.02920,0.00076,1763.818,162.994,50.366,0.298
212164470,16,212164470.02,2.584,0.116,3.069,0.235,7.8065470,0.0004033,0.07902,0.00225,244.407,22.560,77.489,0.641
212164470,5,212164470.02,2.292,0.105,2.667,0.200,7.8090310,0.0007197,0.07927,0.00220,239.411,25.890,50.366,0.576
212164470,18,212164470.02,2.267,0.108,2.686,0.212,7.8095410,0.0007093,0.07892,0.00190,245.354,21.930,71.105,0.629
212204403,16,212204403.01,4.029,0.441,3.396,0.437,4.6888040,0.0001073,0.05032,0.00124,149.288,13.302,88.656,0.448
212204403,16,212204403.02,3.552,0.339,2.909,0.342,12.5500530,0.0008573,0.09726,0.00284,40.793,3.850,88.656,0.352
212219881,16,212219881.01,11.752,1.262,8.442,1.054,6.9248440,0.0000904,0.06533,0.00171,83.328,9.226,287.971,0.647
212225150,16,212225150.01,2.624,0.133,3.165,0.253,15.6304340,0.0038960,0.12137,0.00288,64.180,5.869,173.224,0.129
212278644,6,212278644.01,2.224,0.223,3.167,0.411,12.4280630,0.0033676,0.10884,0.00284,139.438,13.863,114.449,0.349
212283840,6,212283840.01,4.054,0.866,3.545,0.765,16.7150290,0.0010981,0.11923,0.00328,31.290,2.899,87.321,0.964
212346723,6,212346723.01,1.870,0.171,2.450,0.295,15.9483770,0.0022275,0.12998,0.00373,114.741,10.861,86.576,0.285
212349118,6,212349118.01,2.277,0.218,2.844,0.296,2.5481930,0.0001406,0.03750,0.00104,1065.433,103.339,92.288,0.264
212380207,6,212380207.01,2.712,0.229,2.231,0.260,26.1425840,0.0039585,0.16170,0.00434,18.795,1.930,80.127,0.324
212394689,6,212394689.01,1.676,0.149,1.499,0.164,2.5881940,0.0001010,0.03533,0.00096,479.817,53.638,35.862,0.294
212394689,6,212394689.02,2.910,0.260,2.584,0.290,6.6791050,0.0001507,0.06648,0.00185,133.329,11.562,35.862,0.568
212409658,6,212409658.01,2.221,0.310,1.557,0.223,3.7463320,0.0009870,0.04340,0.00633,92.068,63.405,124.249,0.519
212421749,6,212421749.01,3.390,0.379,2.566,0.354,25.3563450,0.0052828,0.15579,0.00448,15.142,1.461,131.024,0.299
212422536,6,212422536.01,2.888,0.320,2.077,0.274,15.7089710,0.0014972,0.10687,0.00316,16.576,1.645,131.905,0.266
212424622,6,212424622.01,1.981,0.190,2.440,0.293,12.0157570,0.0013478,0.10515,0.00307,136.346,15.172,50.639,0.392
212425103,6,212425103.01,1.854,0.179,1.461,0.185,0.9459220,0.0000708,0.01763,0.00047,1390.115,145.028,148.238,0.294
212440430,6,212440430.01,2.809,0.227,2.660,0.273,19.9889070,0.0024050,0.14177,0.00370,43.043,4.014,75.433,0.425
212496592,17,212496592.01,1.890,0.215,1.610,0.200,2.8593650,0.0004936,0.03654,0.00091,315.303,28.009,80.917,0.324
212499991,6,212499991.01,3.115,0.353,2.373,0.342,15.3860780,0.0009681,0.10926,0.00328,26.888,2.704,88.017,0.772
212524671,6,212524671.01,5.738,0.489,2.722,0.251,5.7654170,0.0007343,0.04916,0.00051,13.658,0.674,513.647,0.787
212529560,6,212529560.01,2.217,0.233,2.224,0.272,8.1208570,0.0013699,0.07799,0.00212,149.342,15.282,123.744,0.466
212543933,6,212543933.01,2.355,0.248,2.266,0.266,7.8066020,0.0007153,0.07559,0.00192,141.144,12.855,79.350,0.686
212554013,17,212554013.01,13.750,1.567,13.086,1.750,3.5880770,0.0000505,0.04320,0.00118,278.100,30.202,283.339,0.770
212562715,17,212562715.01,2.616,0.280,2.368,0.275,13.5212910,0.0025912,0.10638,0.00294,58.063,4.921,75.769,0.743
212562715,6,212562715.01,2.696,0.231,2.394,0.246,13.5242260,0.0018195,0.10673,0.00275,56.712,5.233,80.877,0.799
212569876,6,212569876.01,3.059,0.342,2.095,0.282,21.3797930,0.0039173,0.13276,0.00330,12.387,1.034,168.751,0.169
212575828,6,212575828.01,4.033,0.452,2.867,0.417,2.0604380,0.0000901,0.02810,0.00081,311.864,27.812,248.250,0.402
212580872,17,212580872.01,4.056,0.347,3.798,0.403,14.7887490,0.0006914,0.11414,0.00295,57.964,5.533,53.237,0.395
212583602,6,212583602.01,2.034,0.212,2.804,0.346,35.9500000,0.0033956,0.22100,0.00637,36.687,3.248,54.394,0.857
212585579,6,212585579.01,5.337,0.773,5.863,0.954,3.0219380,0.0000555,0.04149,0.00111,789.076,71.683,85.325,0.983
212587672,17,212587672.01,2.771,0.205,2.776,0.278,23.2292810,0.0028427,0.15947,0.00467,43.520,4.339,71.225,0.832
212587672,6,212587672.01,2.842,0.247,2.886,0.313,23.2294150,0.0010696,0.16003,0.00429,43.969,4.755,42.504,0.843
212616320,6,212616320.01,2.301,0.261,2.298,0.302,12.3466630,0.0043467,0.10329,0.00306,84.060,8.081,118.368,0.245
212619190,17,212619190.01,2.476,0.464,3.291,0.690,0.9117990,0.0000452,0.01879,0.00053,4009.781,477.951,112.025,0.955
212621075,6,212621075.01,3.034,0.322,2.148,0.272,31.4799460,0.0036288,0.17543,0.00448,9.990,0.881,130.544,0.272
212622766,6,212622766.01,2.094,0.211,1.910,0.229,6.0224160,0.0004396,0.06223,0.00174,176.182,17.302,72.822,0.812
212636654,17,212636654.01,1.816,0.171,1.807,0.202,11.0908220,0.0020034,0.09649,0.00250,95.088,9.291,52.434,0.421
212648083,6,212648083.01,2.585,0.276,2.918,0.334,20.5875310,0.0022086,0.14681,0.00384,49.800,4.784,88.196,0.716
212652418,6,212652418.01,2.066,0.166,2.718,0.292,19.1374170,0.0024981,0.14613,0.00388,86.540,9.436,43.328,0.875
212658818,17,212658818.01,1.144,0.120,1.077,0.128,2.3215900,0.0003937,0.03268,0.00091,606.377,63.804,49.704,0.314
212661144,6,212661144.01,3.594,0.398,3.484,0.460,2.4586950,0.0000565,0.03476,0.00089,650.669,58.110,97.833,0.920
212661144,17,212661144.01,3.833,0.394,3.701,0.463,2.4588330,0.0001419,0.03484,0.00090,643.067,69.119,135.864,0.899
212672300,17,212672300.01,2.290,0.239,3.092,0.394,19.8709240,0.0055791,0.15260,0.00417,98.867,9.848,76.128,0.196
212689874,6,212689874.01,3.274,0.279,3.141,0.326,15.8539480,0.0007120,0.12169,0.00298,60.870,4.912,40.232,0.276
212689874,17,212689874.01,3.300,0.236,3.213,0.296,15.8560180,0.0008373,0.12191,0.00302,59.907,5.270,38.533,0.320
212689874,17,212689874.02,2.652,0.211,2.555,0.258,28.4535910,0.0029656,0.17967,0.00489,27.846,2.532,38.533,0.310
212690867,17,212690867.01,4.720,0.272,1.964,0.116,25.8564910,0.0032577,0.12939,0.00153,1.667,0.091,182.563,0.287
212690867,6,212690867.01,5.016,0.260,2.111,0.124,25.8595840,0.0027694,0.12928,0.00148,1.657,0.077,173.054,0.411
212691727,6,212691727.01,4.064,0.368,4.234,0.506,6.4303830,0.0004675,0.06734,0.00193,223.326,22.918,123.274,0.186
212697709,6,212697709.01,11.201,1.019,12.357,1.386,3.9516220,0.0000122,0.04871,0.00114,458.410,46.124,32.021,0.923
212730483,6,212730483.01,1.773,0.181,1.209,0.145,3.4909670,0.0002815,0.03918,0.00099,121.592,10.837,46.442,0.737
212735133,17,212735133.01,3.026,0.329,2.070,0.274,7.6855050,0.0011596,0.06916,0.00211,65.943,7.439,187.333,0.314
212743333,6,212743333.01,4.777,0.575,3.377,0.431,14.7851030,0.0010766,0.10384,0.00232,19.678,1.804,125.423,0.895
212746655,6,212746655.01,2.983,0.316,2.941,0.365,34.3831930,0.0044189,0.20594,0.00551,23.451,2.334,109.047,0.826
212753343,17,212753343.01,1.421,9.265,1.901,11.782,19.9842170,0.0032929,0.15443,0.00407,105.711,11.084,28.323,0.398
212771557,17,212771557.01,2.559,0.248,2.170,0.238,8.4910030,0.0006853,0.07631,0.00202,86.910,7.663,132.885,0.444
212779596,6,212779596.01,2.591,0.294,1.683,0.229,3.2252340,0.0000818,0.03678,0.00108,128.747,12.774,46.844,0.283
212779596,6,212779596.02,4.729,0.555,3.097,0.414,7.3741140,0.0000847,0.06409,0.00167,42.251,3.899,46.844,0.820
212817071,17,212817071.01,2.605,0.274,2.037,0.252,12.2456800,0.0022399,0.09673,0.00261,48.006,4.227,105.809,0.552
212830737,17,212830737.01,2.843,0.253,2.908,0.323,26.9394330,0.0049762,0.17129,0.00459,27.938,2.462,114.200,0.411
212848465,17,212848465.01,1.951,0.189,2.207,0.250,13.4733210,0.0052892,0.11217,0.00247,103.207,8.787,77.755,0.324
212870185,17,212870185.01,3.240,0.394,3.392,0.499,6.1162380,0.0005428,0.06445,0.00166,222.167,19.797,100.684,0.540
212883391,17,212883391.01,3.233,0.304,2.620,0.332,9.6683730,0.0014768,0.08339,0.00201,72.667,7.410,161.164,0.776
213546283,7,213546283.01,3.607,0.377,4.234,0.551,9.7704650,0.0004647,0.08960,0.00250,137.431,13.323,78.911,0.824
213817056,7,213817056.01,3.987,0.409,3.480,0.413,13.6118490,0.0003596,0.10036,0.00266,29.346,2.908,77.949,0.623
214173069,7,214173069.01,2.576,0.351,1.985,0.286,8.7779360,0.0009590,0.07321,0.00183,39.464,3.451,129.948,0.621
215816368,7,215816368.01,16.376,1.995,19.263,2.951,10.1462010,0.0005123,0.09095,0.00270,115.052,16.265,449.405,0.310
215969174,7,215969174.01,12.426,1.071,13.179,1.595,4.1751970,0.0000154,0.05071,0.00125,411.892,37.927,109.098,0.675
216231580,7,216231580.01,12.722,1.344,14.517,1.925,3.9052920,0.0000965,0.04762,0.00128,370.954,42.800,839.231,0.718
216363472,7,216363472.01,1.406,0.127,1.467,0.161,8.6944780,0.0013851,0.07975,0.00228,114.598,10.498,45.368,0.551
216494238,7,216494238.01,6.132,0.477,7.878,0.909,19.8952210,0.0004324,0.14542,0.00369,59.013,5.150,30.328,0.595
217084873,7,217084873.01,4.844,0.440,4.863,0.578,8.6015670,0.0001575,0.07815,0.00203,96.620,8.850,145.895,0.323
217149884,7,217149884.01,19.483,2.142,23.355,3.156,16.6923390,0.0000675,0.12880,0.00355,72.229,6.478,123.643,0.636
217192839,7,217192839.01,3.021,0.380,2.003,0.286,16.0346560,0.0016404,0.11429,0.01885,13.016,6.949,59.023,0.338
217192839,7,217192839.02,2.558,0.316,1.698,0.235,26.8030230,0.0028459,0.16702,0.01815,6.267,1.749,59.023,0.497
217977895,7,217977895.01,2.540,0.239,2.180,0.257,21.7001560,0.0018453,0.14394,0.00386,24.899,2.382,60.082,0.346
218705353,7,218705353.01,1.391,0.274,4.633,0.960,1.9351530,0.0002562,0.03885,0.00100,15667.404,1489.653,31.669,0.971
218973982,7,218973982.01,9.342,2.859,4.550,1.465,4.8852230,0.0008957,0.04518,0.00124,19.460,4.350,1166.759,0.485
219111248,7,219111248.01,3.639,0.197,2.188,0.135,4.3592010,0.0003547,0.04405,0.00055,41.464,2.014,260.772,0.516
219388192,7,219388192.01,11.133,0.908,11.742,1.348,5.2926400,0.0000399,0.05829,0.00149,253.723,22.257,224.635,0.706
220186645,8,220186645.01,2.296,0.207,2.850,0.322,7.0563970,0.0009006,0.07449,0.00198,289.457,26.502,77.188,0.233
220198551,8,220198551.01,5.503,1.196,4.571,1.050,0.7988700,0.0000155,0.01534,0.00045,1394.192,127.530,369.174,0.983
220207374,8,220207374.01,1.280,0.118,1.850,0.239,8.2678840,0.0022557,0.08621,0.00247,366.158,39.290,39.851,0.288
220211923,8,220211923.01,1.614,0.154,1.931,0.228,26.6719210,0.0058014,0.18030,0.00577,49.484,5.996,35.772,0.437
220218012,8,220218012.01,2.804,0.217,2.501,0.245,12.4878290,0.0016839,0.10213,0.00268,63.925,5.784,135.387,0.363
220256496,8,220256496.01,1.530,0.068,1.230,0.084,0.6696410,0.0000372,0.01391,0.00037,2146.552,165.792,104.772,0.144
220288594,8,220288594.01,2.292,0.310,1.669,0.251,4.0276320,0.0003156,0.04341,0.00126,114.393,10.547,53.061,0.837
220290988,8,220290988.01,2.390,0.223,1.994,0.234,10.5529730,0.0011287,0.08801,0.00261,61.203,5.511,92.765,0.263
220294712,8,220294712.01,2.760,0.137,3.424,0.328,23.6110920,0.0025425,0.16819,0.00429,63.838,6.097,43.250,0.400
220309058,8,220309058.01,4.822,0.416,2.577,0.223,9.6493210,0.0004849,0.07182,0.00071,8.970,0.370,155.704,0.922
220321292,8,220321292.01,1.695,0.143,1.792,0.212,16.4751320,0.0056859,0.12823,0.00367,75.593,6.504,60.021,0.253
220376054,8,220376054.01,1.946,0.201,2.466,0.311,8.5960100,0.0006261,0.08474,0.00230,223.637,22.291,56.657,0.613
220400100,8,220400100.01,3.294,0.324,2.414,0.293,10.7947010,0.0008096,0.08423,0.00206,33.629,2.821,95.928,0.258
220410754,8,220410754.01,2.000,0.198,2.134,0.268,19.4993360,0.0045739,0.14235,0.00477,56.787,6.415,86.869,0.620
220434612,8,220434612.01,2.088,0.128,1.289,0.088,2.0106070,0.0002722,0.02655,0.00031,127.159,5.675,143.929,0.133
220436189,8,220436189.01,4.316,0.311,2.396,0.181,13.6124820,0.0019631,0.09229,0.00100,7.473,0.397,321.194,0.409
220436208,8,220436208.01,3.695,0.343,4.186,0.480,5.2360310,0.0001670,0.05922,0.00157,318.299,29.347,70.297,0.511
220437615,8,220437615.01,1.169,0.077,0.812,0.077,1.9793860,0.0002048,0.02828,0.00072,451.740,52.792,96.060,0.121
220466136,8,220466136.01,11.351,1.489,7.700,1.109,17.1084180,0.0007238,0.11287,0.00145,10.032,1.001,312.146,0.728
220471666,8,220471666.01,2.577,0.250,2.576,0.335,8.2695740,0.0005081,0.07841,0.00226,146.994,12.982,62.474,0.870
220487418,8,220487418.01,2.273,0.170,2.762,0.321,14.0732010,0.0014607,0.11734,0.00296,121.545,11.935,44.702,0.285
220503236,8,220503236.01,2.480,0.210,2.617,0.273,8.6795990,0.0003247,0.08175,0.00202,139.325,11.998,30.326,0.410
220504338,8,220504338.01,10.071,0.336,12.154,1.006,5.8176290,0.0000295,0.06330,0.00166,284.005,28.293,14.779,0.818
220510874,8,220510874.01,2.382,0.095,2.257,0.191,7.4732230,0.0003556,0.07356,0.00159,157.341,14.984,57.603,0.246
220522262,8,220522262.01,11.643,1.380,8.840,1.256,8.6878350,0.0000790,0.07334,0.00191,43.677,4.072,18.146,0.688
220522664,8,220522664.01,3.335,0.222,1.928,0.141,16.3723960,0.0014081,0.10569,0.00108,6.139,0.279,187.194,0.677
220554210,8,220554210.01,2.749,0.285,2.648,0.326,27.2368450,0.0084066,0.16853,0.00465,20.301,2.136,128.879,0.391
220556827,8,220556827.01,4.266,0.278,2.577,0.179,6.5312220,0.0005097,0.05743,0.00063,21.947,1.064,292.819,0.694
220571481,8,220571481.01,3.814,0.935,4.479,1.078,8.7864860,0.0006628,0.08438,0.00222,179.762,16.360,57.803,0.979
220592745,8,220592745.01,1.121,0.116,1.365,0.184,6.6685000,0.0013914,0.07044,0.00172,267.707,23.351,32.501,0.262
220592745,8,220592745.02,1.995,0.188,2.497,0.261,11.1380140,0.0008852,0.09944,0.00256,134.703,13.110,32.501,0.282
220598331,8,220598331.01,4.469,0.265,1.853,0.127,10.5937670,0.0003535,0.07029,0.00067,4.539,0.204,163.933,0.148
220616148,8,220616148.01,2.358,0.240,2.794,0.340,6.7349830,0.0011341,0.07077,0.00209,251.397,26.842,71.519,0.521
220616148,8,220616148.02,2.409,0.281,2.853,0.383,15.1544800,0.0020364,0.12101,0.00324,85.836,9.194,71.519,0.541
220621788,8,220621788.01,2.411,0.251,2.403,0.312,13.6822070,0.0010577,0.11028,0.00295,70.794,6.797,40.188,0.719
220629489,8,220629489.01,4.159,0.192,3.538,0.363,1.9208570,0.0000536,0.02735,0.00077,436.054,42.500,167.865,0.287
220650439,8,220650439.01,1.632,0.071,1.583,0.114,2.3990350,0.0001699,0.03402,0.00092,684.990,66.362,78.090,0.173
220663602,8,220663602.01,4.074,0.240,1.403,0.094,6.4064350,0.0003426,0.04686,0.00046,6.418,0.250,295.818,0.302
220674823,8,220674823.01,2.663,0.283,2.584,0.326,13.3456640,0.0011106,0.10734,0.00258,67.460,7.256,71.868,0.523
220696233,8,220696233.01,12.627,0.511,7.275,0.375,28.7353270,0.0009483,0.15359,0.00171,2.891,0.157,326.351,0.711
226042826,11,226042826.01,1.337,0.124,1.369,0.163,3.1289770,0.0006639,0.03954,0.00111,330.948,33.062,55.944,0.166
228735255,10,228735255.01,12.890,1.283,13.138,1.766,6.5691980,0.0000438,0.06762,0.00178,200.272,22.447,1018.489,0.627
228872473,10,228872473.01,3.099,0.410,2.649,0.416,10.5839420,0.0035183,0.08797,0.00238,62.746,7.780,225.359,0.259
232275832,11,232275832.01,3.032,13.129,3.276,16.834,2.3092610,0.0004928,0.03123,0.00159,321.660,152.905,211.429,0.436
245928102,12,245928102.01,3.662,0.453,2.359,0.315,11.1096750,0.0011083,0.08605,0.00207,30.564,2.640,231.665,0.462
245943455,12,245943455.01,4.141,0.384,3.837,0.466,6.3390690,0.0001690,0.06411,0.00171,146.365,15.732,79.424,0.388
245950175,12,245950175.01,3.908,0.353,3.237,0.340,8.2619760,0.0004449,0.07474,0.00227,87.614,7.493,574.101,0.325
245955351,12,245955351.01,3.454,0.326,2.810,0.345,7.9841220,0.0004546,0.07355,0.00216,94.101,10.188,171.552,0.193
245955351,12,245955351.02,5.704,0.503,4.571,0.562,18.4260860,0.0010835,0.12863,0.00336,30.794,3.177,171.552,0.554
245995977,12,245995977.01,4.746,0.452,4.631,0.591,3.3127920,0.0000939,0.04246,0.00124,408.725,37.556,191.589,0.893
246030759,12,246030759.01,12.187,2.101,8.677,1.540,29.9572620,0.0031211,0.16761,0.00463,8.772,0.774,438.889,0.891
246061904,12,246061904.01,5.203,0.544,3.937,0.485,7.0842670,0.0002426,0.06389,0.00190,54.780,4.824,242.675,0.331
246061904,12,246061904.02,4.304,0.449,3.222,0.383,20.6760560,0.0067305,0.13051,0.00333,13.351,1.068,242.675,0.319
246067130,12,246067130.01,1.239,0.116,1.179,0.138,6.7865390,0.0007563,0.07004,0.00196,199.640,21.049,23.010,0.573
246074965,12,246074965.01,7.863,0.366,2.291,0.124,6.9282220,0.0003384,0.04612,0.00057,4.081,0.286,457.681,0.475
246084398,12,246084398.01,1.711,0.170,1.790,0.223,15.3987230,0.0021685,0.12028,0.00322,70.703,7.528,37.412,0.711
246088339,12,246088339.01,3.436,0.293,3.555,0.387,2.9885410,0.0000752,0.04028,0.00099,615.712,55.248,157.770,0.575
246120353,12,246120353.01,5.308,0.271,2.456,0.137,21.4360320,0.0027852,0.11728,0.00129,2.393,0.102,252.544,0.344
246260670,12,246260670.01,9.096,1.301,6.562,1.102,3.8534940,0.0000630,0.04192,0.00105,109.331,11.333,202.675,0.868
246261316,12,246261316.01,3.327,0.320,2.549,0.302,4.6960450,0.0001618,0.05003,0.00143,139.180,15.140,94.548,0.319
246270904,12,246270904.01,5.919,0.705,4.015,0.525,3.9855820,0.0001565,0.04287,0.00050,66.810,4.565,979.781,0.478
246290342,12,246290342.01,3.418,0.405,2.542,0.317,16.6072990,0.0022319,0.11420,0.00287,21.393,1.958,218.343,0.254
246310303,12,246310303.01,3.062,0.255,2.592,0.304,16.9801970,0.0022439,0.12260,0.00344,34.615,3.555,108.247,0.329
246332479,12,246332479.01,4.892,0.622,4.043,0.520,16.1878020,0.0068172,0.13018,0.02066,8.827,16.713,604.377,0.171
246366798,12,246366798.01,2.112,0.193,2.429,0.296,7.5399490,0.0010771,0.07565,0.00194,190.865,19.548,99.581,0.272
246377038,12,246377038.01,10.099,2.110,10.910,2.317,5.1055500,0.0001810,0.05509,0.00143,177.326,18.627,511.695,0.919
246380972,12,246380972.01,3.744,0.384,2.893,0.383,17.7684040,0.0020058,0.12105,0.00340,21.072,2.305,194.791,0.388
246405278,12,246405278.01,4.352,0.386,6.231,0.717,4.4644380,0.0001555,0.05592,0.00162,700.776,80.040,145.583,0.635
246429049,12,246429049.01,2.167,0.186,2.312,0.259,10.4131810,0.0008782,0.09301,0.00215,119.543,11.242,57.223,0.803
246448041,12,246448041.01,2.125,0.234,2.310,0.301,7.2108400,0.0011592,0.07324,0.00172,202.279,18.942,125.508,0.622
246851148,13,246851148.01,3.602,0.393,2.119,0.238,18.8961920,0.0009005,0.11737,0.00138,5.978,0.313,85.107,0.430
246891819,13,246891819.01,3.287,0.315,3.059,0.371,4.8033520,0.0004288,0.04916,0.00140,92.917,7.184,128.719,0.250
246891819,13,246891819.02,4.426,0.478,4.064,0.526,8.4912820,0.0003541,0.07166,0.00195,44.078,3.104,128.719,0.677
246953392,13,246953392.01,1.706,0.154,1.718,0.201,0.6738620,0.0000163,0.01410,0.00037,2437.843,239.347,67.525,0.266
246987084,13,246987084.01,2.630,0.255,2.034,0.251,7.0986950,0.0010017,0.06260,0.00164,47.779,4.250,128.273,0.217
247122439,13,247122439.01,1.372,0.149,1.183,0.141,0.7321700,0.0000182,0.01422,0.00041,1379.015,114.317,80.443,0.377
247164043,13,247164043.01,1.797,0.127,2.299,0.233,5.2283520,0.0002558,0.06227,0.00170,549.810,49.953,38.905,0.327
247382651,13,247382651.01,3.580,0.338,10.974,1.464,1.9715440,0.0004033,0.03814,0.00097,10570.211,924.734,609.015,0.492
247383003,13,247383003.01,2.489,0.226,2.373,0.265,3.5723260,0.0001647,0.04396,0.00134,364.843,35.670,136.270,0.892
247396991,13,247396991.01,2.576,0.219,2.335,0.255,14.6167830,0.0029038,0.10621,0.00288,30.490,3.110,163.636,0.241
247445728,13,247445728.01,2.541,0.238,2.200,0.263,13.7506570,0.0014452,0.10289,0.00278,30.814,2.798,51.511,0.172
247562358,13,247562358.01,3.449,0.375,2.321,0.268,3.0924600,0.0002202,0.03581,0.00037,82.987,3.259,186.575,0.347
247856284,13,247856284.01,3.160,0.307,3.169,0.380,11.9570600,0.0018849,0.09134,0.00254,32.495,2.358,147.116,0.205
247885088,13,247885088.01,3.475,0.473,2.979,0.442,6.3633020,0.0002692,0.05911,0.00155,60.658,4.465,92.975,0.893
248420036,14,248420036.01,5.288,0.493,3.701,0.411,4.7168800,0.0001309,0.04874,0.00146,100.734,9.713,243.581,0.333
248463350,14,248463350.01,1.843,0.104,2.257,0.190,6.3930250,0.0010090,0.07012,0.00192,336.727,31.160,71.041,0.523
248463350,14,248463350.02,4.095,0.154,4.890,0.443,18.7878390,0.0007427,0.14246,0.00374,78.843,8.511,71.041,0.701
248526480,14,248526480.01,9.418,1.630,7.919,1.459,18.4369440,0.0014800,0.12764,0.00344,29.424,3.395,166.657,0.936
248527709,14,248527709.01,3.246,0.334,2.290,0.266,5.7517630,0.0001810,0.05803,0.01167,47.536,337.699,126.984,0.246
248527709,14,248527709.02,3.257,0.316,2.319,0.276,10.4727640,0.0006015,0.08512,0.01428,21.216,11.342,126.984,0.286
248545986,14,248545986.01,3.012,0.171,0.750,0.049,5.2384230,0.0001320,0.03604,0.00044,5.184,0.228,90.367,0.557
248545986,14,248545986.02,2.792,0.175,0.697,0.047,7.7790310,0.0004152,0.04685,0.00053,3.066,0.133,90.367,0.633
248545986,14,248545986.03,2.446,0.166,0.605,0.047,10.1115050,0.0011030,0.05572,0.00061,2.189,0.091,90.367,0.194
248574836,14,248574836.01,8.866,3.317,5.562,2.185,3.9176820,0.0002411,0.04234,0.00823,106.214,156.322,760.200,0.729
248616368,14,248616368.01,4.952,0.200,2.612,0.125,24.9653600,0.0013756,0.13577,0.00156,2.624,0.124,148.568,0.048
248618546,14,248618546.01,16.564,1.696,10.612,1.068,1.4463150,0.0000043,0.02147,0.00023,227.609,12.641,1051.172,0.029
248621597,14,248621597.01,2.067,0.231,2.430,0.324,17.2747400,0.0030640,0.13246,0.00340,76.302,8.244,65.531,0.468
248650566,14,248650566.01,3.186,0.355,2.852,0.408,9.8285420,0.0018016,0.08373,0.00225,66.708,6.775,88.326,0.585
248740016,14,248740016.01,2.460,0.221,2.505,0.289,14.3907210,0.0011306,0.11537,0.00300,82.224,8.395,71.963,0.501
248740571,14,248740571.01,3.106,0.316,2.258,0.295,9.0322480,0.0010014,0.07640,0.00179,51.633,4.832,149.961,0.246
248740571,14,248740571.02,3.348,0.323,2.437,0.313,16.1001780,0.0023763,0.11317,0.00296,23.801,2.036,149.961,0.237
248758353,14,248758353.01,6.022,0.553,5.304,0.623,33.5899790,0.0006923,0.19326,0.00481,15.774,1.729,48.364,0.723
248779118,14,248779118.01,2.894,0.258,3.176,0.372,5.7772160,0.0000907,0.06247,0.00160,258.022,20.866,57.880,0.625
248861279,14,248861279.01,4.610,0.215,2.443,0.136,13.1153650,0.0005611,0.08923,0.00102,7.266,0.384,75.483,0.481
248865761,14,248865761.01,1.819,0.184,2.100,0.260,13.0710410,0.0021559,0.11172,0.00289,121.383,11.820,66.074,0.305
248874928,14,248874928.01,4.967,0.502,3.723,0.443,3.4354530,0.0000389,0.04028,0.00109,181.937,18.035,100.678,0.251
249217834,15,249217834.01,2.415,0.236,2.353,0.285,6.6956870,0.0004439,0.06391,0.00169,99.355,9.377,136.312,0.245
249217834,15,249217834.02,2.758,0.239,2.679,0.299,27.9172360,0.0026785,0.16660,0.00438,14.179,1.296,136.312,0.333
249223471,15,249223471.01,4.778,0.380,4.642,0.484,22.5494060,0.0013500,0.15335,0.00365,37.348,3.240,97.548,0.544
249338836,15,249338836.01,1.639,0.101,3.352,0.327,2.6925940,0.0002788,0.04324,0.00116,3019.436,337.837,102.341,0.173
249344978,15,249344978.01,4.120,0.310,2.109,0.164,9.6848960,0.0010520,0.07128,0.00064,8.602,0.447,292.068,0.650
249373875,15,249373875.01,1.652,0.139,2.264,0.260,7.5221090,0.0007149,0.07927,0.00218,338.612,36.888,73.975,0.533
249378363,15,249378363.01,8.268,0.651,12.907,1.527,14.8686120,0.0002017,0.12966,0.00344,195.563,18.369,128.931,0.833
249384674,15,249384674.01,3.390,0.230,1.183,0.090,1.1334460,0.0000512,0.01479,0.00017,65.574,2.601,310.060,0.549
249384674,15,249384674.02,5.217,0.344,1.820,0.118,5.2676290,0.0003336,0.04130,0.00040,8.464,0.297,310.060,0.752
249401470,15,249401470.01,5.387,0.923,6.505,1.262,8.9132970,0.0001946,0.08362,0.00236,135.791,14.812,90.932,0.974
249401939,15,249401939.01,3.657,0.340,3.181,0.355,18.7860430,0.0010398,0.12548,0.00348,19.362,1.939,74.311,0.566
249403651,15,249403651.01,1.379,0.120,1.336,0.173,4.9419070,0.0006190,0.05449,0.00136,208.639,18.901,46.077,0.309
249403651,15,249403651.02,1.490,0.133,1.437,0.167,9.2245300,0.0012906,0.08257,0.00202,92.439,8.948,46.077,0.259
249418609,15,249418609.01,1.561,0.159,1.777,0.217,15.3206060,0.0023292,0.12051,0.00314,73.438,6.079,44.593,0.565
249421240,15,249421240.01,2.894,0.222,4.180,0.434,17.9217020,0.0010051,0.14190,0.00413,110.007,12.130,208.610,0.156
249476992,15,249476992.01,2.290,0.199,2.000,0.216,7.9436040,0.0005095,0.07370,0.00179,102.986,10.467,84.984,0.305
249485205,15,249485205.01,7.095,0.767,4.744,0.519,15.8126420,0.0005655,0.10558,0.00111,9.122,0.515,380.505,0.249
249559552,15,249559552.01,3.176,0.327,2.394,0.323,7.8153660,0.0001640,0.06904,0.00169,59.275,4.901,101.566,0.280
249559552,15,249559552.02,3.099,0.312,2.352,0.294,19.5208050,0.0011451,0.12717,0.00305,17.180,1.651,101.566,0.234
249599275,15,249599275.01,3.366,0.317,2.268,0.299,11.2923100,0.0012876,0.08565,0.00229,24.294,2.474,164.743,0.303
249649721,15,249649721.01,3.233,0.358,2.505,0.327,24.4812850,0.0021976,0.14722,0.00419,11.809,1.034,85.517,0.396
249703125,15,249703125.01,3.007,0.281,2.673,0.290,10.3073870,0.0001891,0.08725,0.00260,70.265,6.694,95.711,0.255
249828900,15,249828900.01,2.981,0.371,1.987,0.250,18.2773580,0.0030888,0.11700,0.00126,8.856,0.485,172.578,0.342
249865296,15,249865296.01,4.578,0.477,6.125,0.738,28.8885890,0.0015263,0.19114,0.00553,48.010,5.761,39.346,0.426
249883770,15,249883770.01,2.014,0.221,1.387,0.179,2.2281120,0.0001806,0.03142,0.00460,152.829,79.273,118.955,0.301
249901311,15,249901311.01,3.651,0.173,1.398,0.077,0.8018640,0.0000213,0.01217,0.00013,119.131,5.319,281.631,0.311
249924395,15,249924395.01,1.997,0.176,2.479,0.264,1.9080840,0.0000550,0.03047,0.00074,1282.370,128.328,67.101,0.418
250106132,15,250106132.01,3.827,0.393,3.819,0.467,22.1223650,0.0013996,0.14876,0.00415,30.954,2.766,49.100,0.559
250143219,15,250143219.01,3.474,0.335,2.971,0.406,12.0995020,0.0003427,0.09532,0.00262,43.637,4.366,102.037,0.452
251304634,16,251304634.01,1.643,0.200,1.129,0.153,4.3925030,0.0002623,0.04577,0.00140,85.211,7.521,62.944,0.551
251319382,16,251319382.01,2.110,0.166,1.939,0.190,8.2368270,0.0006235,0.07831,0.00213,138.905,12.166,49.953,0.228
251319382,16,251319382.02,2.422,0.178,2.280,0.237,14.8699650,0.0009119,0.11604,0.00326,63.230,6.010,49.953,0.282
251399501,16,251399501.01,2.388,0.105,2.645,0.234,11.6349880,0.0010805,0.10262,0.00253,133.350,12.463,74.323,0.351
251543969,17,251543969.01,5.929,0.629,9.941,1.252,21.8054280,0.0037647,0.17140,0.00475,160.752,13.344,414.389,0.422
251554286,17,251554286.01,5.508,0.455,5.302,0.593,15.4671370,0.0010154,0.11868,0.00313,57.233,5.296,88.791,0.807
251584580,17,251584580.01,3.798,0.496,2.690,0.398,10.9731350,0.0015723,0.08590,0.00225,34.416,3.345,220.648,0.426
251626487,17,251626487.01,7.118,0.628,7.172,0.836,26.3393780,0.0074550,0.17313,0.00468,33.697,3.633,811.897,0.254
